<?xml version="1.0" encoding="UTF-8"?>
<office:document-content xmlns:officeooo="http://openoffice.org/2009/office" xmlns:css3t="http://www.w3.org/TR/css3-text/" xmlns:grddl="http://www.w3.org/2003/g/data-view#" xmlns:xhtml="http://www.w3.org/1999/xhtml" xmlns:formx="urn:openoffice:names:experimental:ooxml-odf-interop:xmlns:form:1.0" xmlns:xsi="http://www.w3.org/2001/XMLSchema-instance" xmlns:rpt="http://openoffice.org/2005/report" xmlns:dc="http://purl.org/dc/elements/1.1/" xmlns:chart="urn:oasis:names:tc:opendocument:xmlns:chart:1.0" xmlns:svg="urn:oasis:names:tc:opendocument:xmlns:svg-compatible:1.0" xmlns:draw="urn:oasis:names:tc:opendocument:xmlns:drawing:1.0" xmlns:text="urn:oasis:names:tc:opendocument:xmlns:text:1.0" xmlns:oooc="http://openoffice.org/2004/calc" xmlns:style="urn:oasis:names:tc:opendocument:xmlns:style:1.0" xmlns:ooow="http://openoffice.org/2004/writer" xmlns:meta="urn:oasis:names:tc:opendocument:xmlns:meta:1.0" xmlns:xlink="http://www.w3.org/1999/xlink" xmlns:fo="urn:oasis:names:tc:opendocument:xmlns:xsl-fo-compatible:1.0" xmlns:ooo="http://openoffice.org/2004/office" xmlns:office="urn:oasis:names:tc:opendocument:xmlns:office:1.0" xmlns:dr3d="urn:oasis:names:tc:opendocument:xmlns:dr3d:1.0" xmlns:table="urn:oasis:names:tc:opendocument:xmlns:table:1.0" xmlns:number="urn:oasis:names:tc:opendocument:xmlns:datastyle:1.0" xmlns:of="urn:oasis:names:tc:opendocument:xmlns:of:1.2" xmlns:calcext="urn:org:documentfoundation:names:experimental:calc:xmlns:calcext:1.0" xmlns:tableooo="http://openoffice.org/2009/table" xmlns:drawooo="http://openoffice.org/2010/draw" xmlns:loext="urn:org:documentfoundation:names:experimental:office:xmlns:loext:1.0" xmlns:dom="http://www.w3.org/2001/xml-events" xmlns:field="urn:openoffice:names:experimental:ooo-ms-interop:xmlns:field:1.0" xmlns:xsd="http://www.w3.org/2001/XMLSchema" xmlns:math="http://www.w3.org/1998/Math/MathML" xmlns:form="urn:oasis:names:tc:opendocument:xmlns:form:1.0" xmlns:script="urn:oasis:names:tc:opendocument:xmlns:script:1.0" xmlns:xforms="http://www.w3.org/2002/xforms" office:version="1.3"><office:scripts/><office:font-face-decls><style:font-face style:name="FreeSans" svg:font-family="FreeSans" style:font-family-generic="swiss"/><style:font-face style:name="FreeSans1" svg:font-family="FreeSans" style:font-family-generic="system" style:font-pitch="variable"/><style:font-face style:name="Liberation Sans" svg:font-family="&apos;Liberation Sans&apos;" style:font-family-generic="swiss" style:font-pitch="variable"/><style:font-face style:name="Liberation Serif" svg:font-family="&apos;Liberation Serif&apos;" style:font-family-generic="roman" style:font-pitch="variable"/><style:font-face style:name="Noto Sans CJK SC Regular" svg:font-family="&apos;Noto Sans CJK SC Regular&apos;" style:font-family-generic="system" style:font-pitch="variable"/></office:font-face-decls><office:automatic-styles><style:style style:name="P1" style:family="paragraph" style:parent-style-name="Standard"><style:text-properties officeooo:rsid="001166c4" officeooo:paragraph-rsid="001166c4"/></style:style><style:style style:name="P2" style:family="paragraph" style:parent-style-name="Standard"><style:text-properties officeooo:rsid="00123107" officeooo:paragraph-rsid="00123107"/></style:style><style:style style:name="P3" style:family="paragraph" style:parent-style-name="Standard"><style:text-properties officeooo:rsid="001257fd" officeooo:paragraph-rsid="001257fd"/></style:style><style:style style:name="P4" style:family="paragraph" style:parent-style-name="Standard"><style:text-properties officeooo:rsid="001558a3" officeooo:paragraph-rsid="001558a3"/></style:style><style:style style:name="P5" style:family="paragraph" style:parent-style-name="Standard"><style:text-properties officeooo:rsid="0016f064" officeooo:paragraph-rsid="0016f064"/></style:style><style:style style:name="P6" style:family="paragraph" style:parent-style-name="Standard"><style:text-properties officeooo:rsid="00123107" officeooo:paragraph-rsid="00123107"/></style:style><style:style style:name="T1" style:family="text"><style:text-properties officeooo:rsid="0013a877"/></style:style><style:style style:name="T2" style:family="text"><style:text-properties officeooo:rsid="0016f064"/></style:style><style:style style:name="T3" style:family="text"><style:text-properties officeooo:rsid="00181483"/></style:style><style:style style:name="T4" style:family="text"><style:text-properties officeooo:rsid="001939c7"/></style:style></office:automatic-styles><office:body><office:text><text:sequence-decls><text:sequence-decl text:display-outline-level="0" text:name="Illustration"/><text:sequence-decl text:display-outline-level="0" text:name="Table"/><text:sequence-decl text:display-outline-level="0" text:name="Text"/><text:sequence-decl text:display-outline-level="0" text:name="Drawing"/><text:sequence-decl text:display-outline-level="0" text:name="Figure"/></text:sequence-decls><text:p text:style-name="P1">Utilisation de tableau de sémaphore et de tableau de mémoire partagé afin de refaire éxactement le TP image – Threads mais avec des processus.</text:p><text:p text:style-name="P1"/><text:p text:style-name="P1">On lance i processus avec chacun un indice et ils ont pour but de traiter une zone défini d’une image.</text:p><text:p text:style-name="P1">Cette image est représenté par un tableau d’entier.</text:p><text:p text:style-name="P3">Il ne faut pas utiliser de fonction fork() <text:span text:style-name="T1">sauf si c’est précisé dans l’énoncé.</text:span></text:p><text:p text:style-name="P2">(Faire des fork pour l’id ou, le préciser dans les paramètres du programme).</text:p><text:p text:style-name="P2"/><text:p text:style-name="P4">D’abord proposer PUIS mettre en place un système à 2 (x) processus <text:span text:style-name="T2">de tableau de sémaphore </text:span><text:span text:style-name="T3">avec des appel à la fonction calcul(); .</text:span></text:p><text:p text:style-name="P5">Puis mettre en place le segment de mémoire partagé <text:span text:style-name="T4">pour simuler l’accès à l’image.</text:span></text:p><text:p text:style-name="P2"/><text:p text:style-name="P2"/></office:text></office:body></office:document-content>