<?xml version="1.0" encoding="UTF-8"?>
<office:document-meta xmlns:grddl="http://www.w3.org/2003/g/data-view#" xmlns:meta="urn:oasis:names:tc:opendocument:xmlns:meta:1.0" xmlns:dc="http://purl.org/dc/elements/1.1/" xmlns:xlink="http://www.w3.org/1999/xlink" xmlns:ooo="http://openoffice.org/2004/office" xmlns:office="urn:oasis:names:tc:opendocument:xmlns:office:1.0" office:version="1.3"><office:meta><meta:creation-date>2017-01-01T14:28:30.863048091</meta:creation-date><meta:generator>LibreOffice/7.3.7.2$Linux_X86_64 LibreOffice_project/30$Build-2</meta:generator><meta:editing-cycles>0</meta:editing-cycles><meta:editing-duration>P0D</meta:editing-duration><meta:document-statistic meta:table-count="0" meta:image-count="0" meta:object-count="0" meta:page-count="1" meta:paragraph-count="7" meta:word-count="116" meta:character-count="663" meta:non-whitespace-character-count="553"/></office:meta></office:document-meta>