<?xml version="1.0" encoding="UTF-8"?>
<office:document-content xmlns:officeooo="http://openoffice.org/2009/office" xmlns:css3t="http://www.w3.org/TR/css3-text/" xmlns:grddl="http://www.w3.org/2003/g/data-view#" xmlns:xhtml="http://www.w3.org/1999/xhtml" xmlns:formx="urn:openoffice:names:experimental:ooxml-odf-interop:xmlns:form:1.0" xmlns:xsi="http://www.w3.org/2001/XMLSchema-instance" xmlns:rpt="http://openoffice.org/2005/report" xmlns:dc="http://purl.org/dc/elements/1.1/" xmlns:chart="urn:oasis:names:tc:opendocument:xmlns:chart:1.0" xmlns:svg="urn:oasis:names:tc:opendocument:xmlns:svg-compatible:1.0" xmlns:draw="urn:oasis:names:tc:opendocument:xmlns:drawing:1.0" xmlns:text="urn:oasis:names:tc:opendocument:xmlns:text:1.0" xmlns:oooc="http://openoffice.org/2004/calc" xmlns:style="urn:oasis:names:tc:opendocument:xmlns:style:1.0" xmlns:ooow="http://openoffice.org/2004/writer" xmlns:meta="urn:oasis:names:tc:opendocument:xmlns:meta:1.0" xmlns:xlink="http://www.w3.org/1999/xlink" xmlns:fo="urn:oasis:names:tc:opendocument:xmlns:xsl-fo-compatible:1.0" xmlns:ooo="http://openoffice.org/2004/office" xmlns:office="urn:oasis:names:tc:opendocument:xmlns:office:1.0" xmlns:dr3d="urn:oasis:names:tc:opendocument:xmlns:dr3d:1.0" xmlns:table="urn:oasis:names:tc:opendocument:xmlns:table:1.0" xmlns:number="urn:oasis:names:tc:opendocument:xmlns:datastyle:1.0" xmlns:of="urn:oasis:names:tc:opendocument:xmlns:of:1.2" xmlns:calcext="urn:org:documentfoundation:names:experimental:calc:xmlns:calcext:1.0" xmlns:tableooo="http://openoffice.org/2009/table" xmlns:drawooo="http://openoffice.org/2010/draw" xmlns:loext="urn:org:documentfoundation:names:experimental:office:xmlns:loext:1.0" xmlns:dom="http://www.w3.org/2001/xml-events" xmlns:field="urn:openoffice:names:experimental:ooo-ms-interop:xmlns:field:1.0" xmlns:xsd="http://www.w3.org/2001/XMLSchema" xmlns:math="http://www.w3.org/1998/Math/MathML" xmlns:form="urn:oasis:names:tc:opendocument:xmlns:form:1.0" xmlns:script="urn:oasis:names:tc:opendocument:xmlns:script:1.0" xmlns:xforms="http://www.w3.org/2002/xforms" office:version="1.3"><office:scripts/><office:font-face-decls><style:font-face style:name="FreeSans" svg:font-family="FreeSans" style:font-family-generic="swiss"/><style:font-face style:name="FreeSans1" svg:font-family="FreeSans" style:font-family-generic="system" style:font-pitch="variable"/><style:font-face style:name="Liberation Sans" svg:font-family="&apos;Liberation Sans&apos;" style:font-family-generic="swiss" style:font-pitch="variable"/><style:font-face style:name="Liberation Serif" svg:font-family="&apos;Liberation Serif&apos;" style:font-family-generic="roman" style:font-pitch="variable"/><style:font-face style:name="Noto Sans CJK SC Regular" svg:font-family="&apos;Noto Sans CJK SC Regular&apos;" style:font-family-generic="system" style:font-pitch="variable"/></office:font-face-decls><office:automatic-styles><style:style style:name="P1" style:family="paragraph" style:parent-style-name="Standard"><style:text-properties officeooo:rsid="0011780d" officeooo:paragraph-rsid="0011780d"/></style:style><style:style style:name="P2" style:family="paragraph" style:parent-style-name="Standard"><style:text-properties officeooo:rsid="0012ce3f" officeooo:paragraph-rsid="0012ce3f"/></style:style><style:style style:name="P3" style:family="paragraph" style:parent-style-name="Standard"><style:text-properties officeooo:rsid="0012ce3f" officeooo:paragraph-rsid="0018eb1b"/></style:style><style:style style:name="P4" style:family="paragraph" style:parent-style-name="Standard"><style:text-properties officeooo:rsid="0013c614" officeooo:paragraph-rsid="0013c614"/></style:style><style:style style:name="P5" style:family="paragraph" style:parent-style-name="Standard"><style:text-properties officeooo:rsid="001528a7" officeooo:paragraph-rsid="001528a7"/></style:style><style:style style:name="P6" style:family="paragraph" style:parent-style-name="Standard"><style:text-properties officeooo:rsid="0018dc9e" officeooo:paragraph-rsid="0018dc9e"/></style:style><style:style style:name="P7" style:family="paragraph" style:parent-style-name="Standard"><style:text-properties officeooo:rsid="001ae96f" officeooo:paragraph-rsid="001ae96f"/></style:style><style:style style:name="P8" style:family="paragraph" style:parent-style-name="Standard"><style:text-properties officeooo:rsid="001b3c79" officeooo:paragraph-rsid="001b3c79"/></style:style><style:style style:name="P9" style:family="paragraph" style:parent-style-name="Standard"><style:text-properties officeooo:rsid="001ec2cc" officeooo:paragraph-rsid="001ec2cc"/></style:style><style:style style:name="P10" style:family="paragraph" style:parent-style-name="Standard"><style:text-properties officeooo:rsid="001528a7" officeooo:paragraph-rsid="001528a7"/></style:style><style:style style:name="P11" style:family="paragraph" style:parent-style-name="Standard"><style:text-properties officeooo:rsid="002041a0" officeooo:paragraph-rsid="002041a0"/></style:style><style:style style:name="T1" style:family="text"><style:text-properties officeooo:rsid="0013c614"/></style:style><style:style style:name="T2" style:family="text"><style:text-properties officeooo:rsid="001464f4"/></style:style><style:style style:name="T3" style:family="text"><style:text-properties officeooo:rsid="001688b7"/></style:style><style:style style:name="T4" style:family="text"><style:text-properties officeooo:rsid="00182533"/></style:style><style:style style:name="T5" style:family="text"><style:text-properties officeooo:rsid="0018dc9e"/></style:style><style:style style:name="T6" style:family="text"><style:text-properties officeooo:rsid="001cff9a"/></style:style></office:automatic-styles><office:body><office:text><text:sequence-decls><text:sequence-decl text:display-outline-level="0" text:name="Illustration"/><text:sequence-decl text:display-outline-level="0" text:name="Table"/><text:sequence-decl text:display-outline-level="0" text:name="Text"/><text:sequence-decl text:display-outline-level="0" text:name="Drawing"/><text:sequence-decl text:display-outline-level="0" text:name="Figure"/></text:sequence-decls><text:p text:style-name="P1">Semaphore :</text:p><text:p text:style-name="P1"/><text:p text:style-name="P2">Comment marche le code :</text:p><text:p text:style-name="P2"/><text:p text:style-name="P2">On lance semInit avec des valeurs pour créer le tableau de semaphore.</text:p><text:p text:style-name="P2"/><text:p text:style-name="P2"/><text:p text:style-name="P4">Initialisation d’un tableau de 10 sémaphore initialisés à 5 <text:span text:style-name="T2">avec comme id pourCle.txt et 5.</text:span></text:p><text:p text:style-name="P4"/><text:p text:style-name="P5">Maintenant, on lance Pi qui va venir réaliser plusieurs opérations sur le tableau de sémaphore<text:span text:style-name="T3">s </text:span><text:span text:style-name="T4">jusqu’à ce qu’il l’ai entièrement parcouru.</text:span></text:p><text:p text:style-name="P5"/><text:p text:style-name="P6">Les lignes de codes :</text:p><text:p text:style-name="P5"/><text:p text:style-name="P9">gcc semInit.c -o semInit</text:p><text:p text:style-name="P3">./<text:span text:style-name="T1">semInit 10 5 pourCle.txt 5</text:span></text:p><text:p text:style-name="P5"/><text:p text:style-name="P7">gcc -c Pi.c</text:p><text:p text:style-name="P8">gcc Pi.o calculC.o calculCC.o -o executable</text:p><text:p text:style-name="P5">./<text:span text:style-name="T5">executable </text:span><text:span text:style-name="T6">10 5 pourCle.txt 5</text:span></text:p><text:p text:style-name="P5"/><text:p text:style-name="P11">gcc supprimeSem.c -o supprimeSem</text:p><text:p text:style-name="P11">./supprimeSem pourCle.txt 5</text:p></office:text></office:body></office:document-content>