<?xml version="1.0" encoding="UTF-8"?>
<office:document-content xmlns:officeooo="http://openoffice.org/2009/office" xmlns:css3t="http://www.w3.org/TR/css3-text/" xmlns:grddl="http://www.w3.org/2003/g/data-view#" xmlns:xhtml="http://www.w3.org/1999/xhtml" xmlns:formx="urn:openoffice:names:experimental:ooxml-odf-interop:xmlns:form:1.0" xmlns:xsi="http://www.w3.org/2001/XMLSchema-instance" xmlns:rpt="http://openoffice.org/2005/report" xmlns:dc="http://purl.org/dc/elements/1.1/" xmlns:chart="urn:oasis:names:tc:opendocument:xmlns:chart:1.0" xmlns:svg="urn:oasis:names:tc:opendocument:xmlns:svg-compatible:1.0" xmlns:draw="urn:oasis:names:tc:opendocument:xmlns:drawing:1.0" xmlns:text="urn:oasis:names:tc:opendocument:xmlns:text:1.0" xmlns:oooc="http://openoffice.org/2004/calc" xmlns:style="urn:oasis:names:tc:opendocument:xmlns:style:1.0" xmlns:ooow="http://openoffice.org/2004/writer" xmlns:meta="urn:oasis:names:tc:opendocument:xmlns:meta:1.0" xmlns:xlink="http://www.w3.org/1999/xlink" xmlns:fo="urn:oasis:names:tc:opendocument:xmlns:xsl-fo-compatible:1.0" xmlns:ooo="http://openoffice.org/2004/office" xmlns:office="urn:oasis:names:tc:opendocument:xmlns:office:1.0" xmlns:dr3d="urn:oasis:names:tc:opendocument:xmlns:dr3d:1.0" xmlns:table="urn:oasis:names:tc:opendocument:xmlns:table:1.0" xmlns:number="urn:oasis:names:tc:opendocument:xmlns:datastyle:1.0" xmlns:of="urn:oasis:names:tc:opendocument:xmlns:of:1.2" xmlns:calcext="urn:org:documentfoundation:names:experimental:calc:xmlns:calcext:1.0" xmlns:tableooo="http://openoffice.org/2009/table" xmlns:drawooo="http://openoffice.org/2010/draw" xmlns:loext="urn:org:documentfoundation:names:experimental:office:xmlns:loext:1.0" xmlns:dom="http://www.w3.org/2001/xml-events" xmlns:field="urn:openoffice:names:experimental:ooo-ms-interop:xmlns:field:1.0" xmlns:xsd="http://www.w3.org/2001/XMLSchema" xmlns:math="http://www.w3.org/1998/Math/MathML" xmlns:form="urn:oasis:names:tc:opendocument:xmlns:form:1.0" xmlns:script="urn:oasis:names:tc:opendocument:xmlns:script:1.0" xmlns:xforms="http://www.w3.org/2002/xforms" office:version="1.3"><office:scripts/><office:font-face-decls><style:font-face style:name="FreeSans" svg:font-family="FreeSans" style:font-family-generic="swiss"/><style:font-face style:name="FreeSans1" svg:font-family="FreeSans" style:font-family-generic="system" style:font-pitch="variable"/><style:font-face style:name="Liberation Sans" svg:font-family="&apos;Liberation Sans&apos;" style:font-family-generic="swiss" style:font-pitch="variable"/><style:font-face style:name="Liberation Serif" svg:font-family="&apos;Liberation Serif&apos;" style:font-family-generic="roman" style:font-pitch="variable"/><style:font-face style:name="Noto Sans CJK SC Regular" svg:font-family="&apos;Noto Sans CJK SC Regular&apos;" style:font-family-generic="system" style:font-pitch="variable"/></office:font-face-decls><office:automatic-styles><style:style style:name="P1" style:family="paragraph" style:parent-style-name="Standard"><style:text-properties officeooo:rsid="0010f35d" officeooo:paragraph-rsid="0010f35d"/></style:style><style:style style:name="P2" style:family="paragraph" style:parent-style-name="Standard"><style:text-properties officeooo:rsid="0012ef45" officeooo:paragraph-rsid="0012ef45"/></style:style><style:style style:name="P3" style:family="paragraph" style:parent-style-name="Standard"><style:text-properties officeooo:rsid="001431c4" officeooo:paragraph-rsid="001431c4"/></style:style><style:style style:name="P4" style:family="paragraph" style:parent-style-name="Standard"><style:text-properties officeooo:rsid="00157d28" officeooo:paragraph-rsid="00157d28"/></style:style><style:style style:name="P5" style:family="paragraph" style:parent-style-name="Standard"><style:text-properties officeooo:rsid="0018129f" officeooo:paragraph-rsid="0018129f"/></style:style><style:style style:name="P6" style:family="paragraph" style:parent-style-name="Standard"><style:text-properties officeooo:rsid="0019f3c8" officeooo:paragraph-rsid="0019f3c8"/></style:style><style:style style:name="P7" style:family="paragraph" style:parent-style-name="Standard"><style:text-properties officeooo:rsid="001acd6d" officeooo:paragraph-rsid="001acd6d"/></style:style><style:style style:name="P8" style:family="paragraph" style:parent-style-name="Standard"><style:text-properties officeooo:rsid="001d26d4" officeooo:paragraph-rsid="001d26d4"/></style:style><style:style style:name="P9" style:family="paragraph" style:parent-style-name="Standard"><style:text-properties officeooo:rsid="001dae48" officeooo:paragraph-rsid="001dae48"/></style:style><style:style style:name="T1" style:family="text"><style:text-properties officeooo:rsid="0011248d"/></style:style><style:style style:name="T2" style:family="text"><style:text-properties officeooo:rsid="00120b51"/></style:style><style:style style:name="T3" style:family="text"><style:text-properties officeooo:rsid="00131ec3"/></style:style><style:style style:name="T4" style:family="text"><style:text-properties officeooo:rsid="0015efe4"/></style:style><style:style style:name="T5" style:family="text"><style:text-properties officeooo:rsid="0017757b"/></style:style><style:style style:name="T6" style:family="text"><style:text-properties officeooo:rsid="001a12d1"/></style:style><style:style style:name="T7" style:family="text"><style:text-properties officeooo:rsid="001bc5c5"/></style:style><style:style style:name="T8" style:family="text"><style:text-properties officeooo:rsid="001d26d4"/></style:style></office:automatic-styles><office:body><office:text><text:sequence-decls><text:sequence-decl text:display-outline-level="0" text:name="Illustration"/><text:sequence-decl text:display-outline-level="0" text:name="Table"/><text:sequence-decl text:display-outline-level="0" text:name="Text"/><text:sequence-decl text:display-outline-level="0" text:name="Drawing"/><text:sequence-decl text:display-outline-level="0" text:name="Figure"/></text:sequence-decls><text:p text:style-name="P1">Objectif :</text:p><text:p text:style-name="P1">Eviter que plusieurs processus concurrents utilisent, en même temps, une ressource partagée.</text:p><text:p text:style-name="P1"/><text:p text:style-name="P1">→ Mise en place d’une file de message <text:span text:style-name="T1">(1 seule et sans autre objet IPC) </text:span><text:span text:style-name="T2">pour mettre en place une exclusion mutuelle</text:span><text:span text:style-name="T1">.</text:span></text:p><text:p text:style-name="P1"/><text:p text:style-name="P2">Mise en oeuvre d’une application composé d’un processus Pctrl qui a pour rôle de contrôler les accès à une ressource et d’un ensemble de processus concurrents P1, P2, … , Pn <text:span text:style-name="T3">utilisant cette ressource.</text:span></text:p><text:p text:style-name="P2"/><text:p text:style-name="P3">Lorsque Pi souhaite accéder à cette ressource, il doit adresser une demande à Pctrl.</text:p><text:p text:style-name="P3">A chaque instant, un et un seul processus Pi peut disposer de la ressource.</text:p><text:p text:style-name="P3"/><text:p text:style-name="P4">Pctrl a pour rôle :</text:p><text:p text:style-name="P4">- Recevoir les demandes d’accès</text:p><text:p text:style-name="P4">- <text:span text:style-name="T4">Annoncer au premier demandeur que la ressource est disponible.</text:span></text:p><text:p text:style-name="P4">- <text:span text:style-name="T5">Prendre connaissance de la libération de la ressource pour pouvoir la donner à un autre proco.</text:span></text:p><text:p text:style-name="P4"/><text:p text:style-name="P5">1)</text:p><text:p text:style-name="P5">Décrire le protocole d’échange entre un processus Pi et le processus Pctrl (messages échangés, ordre des échanges et étiquettes des messages, etc…).</text:p><text:p text:style-name="P5"/><text:p text:style-name="P6">Socket mais inter processus, où en fonction <text:span text:style-name="T6">d’une clé, on accède à un message.</text:span></text:p><text:p text:style-name="P6"/><text:p text:style-name="P7">2) Le processus Pctrl.</text:p><text:p text:style-name="P7">3) <text:span text:style-name="T7">Nan je crois pa</text:span><text:span text:style-name="T8">s.</text:span></text:p><text:p text:style-name="P7"/><text:p text:style-name="P8">4) go.</text:p><text:p text:style-name="P8"/><text:p text:style-name="P9">Comme en tcp…</text:p><text:p text:style-name="P9"/><text:p text:style-name="P9">On lance Pctrl qui attend des demandes sur la file.</text:p><text:p text:style-name="P9">Pi récup la ressource (est censer faire un calcul) puis rend la ressource.</text:p></office:text></office:body></office:document-content>